Player,Country,Position,Games,Win rate,KDA,Avg kills,Avg deaths,Avg assists,CSM,GPM,KP%,DMG%,DPM,VSPM,Avg WPM,Avg WCPM,Avg VWPM,GD@15,CSD@15,XPD@15,FB %,FB Victim,Penta Kills,Solo Kills
113,,JUNGLE,60,66.7%,3.4,2.9,3.8,10.3,5.5,348,76.2%,16.3,477,1.25,0.28,0.3,0.25,138,-2,-56,36.7%,15%,0,6
4ever,,JUNGLE,2,50%,3.5,10,4,4,6.8,461,60.5%,31,835,0.84,0.32,0.08,0.19,554,2,51,50%,0%,0,3
665,,JUNGLE,78,53.8%,2.8,3.5,4.1,8.2,6,362,68.2%,16.2,488,1.47,0.44,0.34,0.29,17,1,23,33.3%,16.7%,0,12
958922,,JUNGLE,21,52.4%,2.9,2.1,4,9.5,5.8,343,75.2%,14.5,346,01.09,0.24,0.26,0.15,-118,1,-150,14.3%,9.5%,0,-
9God,,JUNGLE,2,0%,1.3,3,4.5,3,5.4,319,78.4%,18.1,360,1.22,0.3,0.22,0.38,366,2,133,0%,0%,0,-
AHaHaCiK,,JUNGLE,18,38.9%,2.6,2.4,3.9,7.8,4.9,313,72.3%,16.1,392,1.42,0.37,0.33,0.28,-495,-9,-501,27.8%,5.6%,0,3
AKi,,JUNGLE,100,50%,3.6,2.2,2.5,6.8,6,341,68.1%,13.3,339,1.47,0.42,0.32,0.2,-167,-,-,-,-,-,-
Abow,,JUNGLE,12,8.3%,1.7,3.1,4.3,4.3,5.7,338,71.3%,16.2,356,1.17,0.24,0.28,0.19,-406,-7,-434,16.7%,0%,0,3
Abyss,,JUNGLE,6,0%,1,1.7,4.5,2.7,5.9,317,62.1%,18.5,400,1.22,0.26,0.33,0.27,-465,-12,-578,50%,16.7%,0,-
Adii,,JUNGLE,51,56.9%,2.5,2.5,4.2,7.9,5.9,343,71.3%,15.9,412,1.45,0.37,0.33,0.29,-17,2,24,35.3%,17.6%,0,7
Aegis,,JUNGLE,64,60.9%,3.5,2.8,3.1,8.2,6,346,71.4%,15.6,378,1.21,0.3,0.27,0.22,143,2,193,40.6%,10.9%,0,3
Afroboi,,JUNGLE,55,45.5%,2.7,2.6,3.7,7.4,5.3,331,66.9%,13.4,330,1.25,0.21,0.31,0.19,-221,-2,-192,23.6%,10.9%,0,8
Aincardz,,JUNGLE,18,33.3%,2,2.2,4.2,6.3,5.4,318,72.6%,15.3,364,1.34,0.3,0.33,0.24,-292,-11,-420,44.4%,16.7%,0,2
Ajwad,,JUNGLE,9,44.4%,2.3,1.8,4,7.4,6.6,355,69.5%,12.6,276,1.23,0.15,0.37,0.11,189,11,329,33.3%,22.2%,0,2
Akabane,,JUNGLE,8,37.5%,3,2.8,3.1,6.8,5.4,326,72.5%,12.5,269,1.41,0.42,0.28,0.36,-85,3,89,25%,12.5%,0,-
Alba,,JUNGLE,16,50%,2.3,3.3,3.9,5.7,6.3,354,65.7%,17.6,396,1.15,0.15,0.35,0.07,-30,10,132,18.8%,18.8%,0,1
Alex234,,JUNGLE,25,20%,1.8,1.7,4.4,6.1,5.1,311,64.6%,12.7,288,1.19,0.29,0.25,0.25,-477,-6,-368,28%,4%,0,-
Ancrath,,JUNGLE,7,57.1%,3.5,3.3,3.1,7.9,5.9,343,73%,14.4,352,1.52,0.3,0.37,0.23,320,4,397,42.9%,14.3%,0,1
Anonymouss,,JUNGLE,41,58.5%,3.5,2.8,2.7,6.7,6,351,70.6%,15.1,369,1.41,0.35,0.32,0.39,141,6,145,36.6%,9.8%,0,-
Aras,,JUNGLE,6,66.7%,4,6.3,3.7,8.2,6.5,420,62.5%,26.2,777,0.95,0.28,0.12,0.15,-103,19,491,33.3%,0%,0,3
Armao,,JUNGLE,29,24.1%,2.5,1.4,2.7,5.1,5.8,315,70.1%,13.7,313,1.18,0.32,0.26,0.21,-80,-3,-148,34.5%,10.3%,0,2
Artun,,JUNGLE,21,52.4%,3.3,1.8,3.3,9.1,5.4,323,73.2%,11.3,259,1.6,0.2,0.22,0.16,-253,-7,-115,33.3%,0%,0,-
Balyy,,JUNGLE,41,51.2%,3.5,3.7,3.2,7.5,6.4,369,73.8%,20.4,509,1.23,0.2,0.32,0.19,278,5,254,24.4%,12.2%,0,8
Bambii,,JUNGLE,18,33.3%,2.3,2.5,3.8,6.5,5.8,345,68.1%,12.9,296,1.1,0.3,0.18,0.19,-95,-3,-275,27.8%,0%,0,2
Bananiasty,,JUNGLE,14,21.4%,2.1,1.2,4.3,7.7,4.7,301,69.8%,15,285,0.94,0.17,0.25,0.15,-904,-21,-717,21.4%,21.4%,0,2
Bartholdy,,JUNGLE,14,50%,2.8,2.7,4.1,9,5.5,329,65.3%,13.9,369,1.36,0.26,0.31,0.15,-316,-14,-399,14.3%,14.3%,0,1
BeanJ,,JUNGLE,28,60.7%,3,2.6,3.9,9.1,5.3,338,71.3%,13.7,319,1.54,0.5,0.34,0.41,209,-3,64,32.1%,3.6%,0,6
Beichuan,,JUNGLE,77,48.1%,3.4,2.8,2.9,7.2,6.8,370,76.2%,20,493,1.58,0.46,0.38,0.19,319,-,-,-,-,-,-
Belit,,JUNGLE,36,41.7%,3.4,2.6,3.1,8,5.5,335,73.3%,16.5,403,1.36,0.32,0.3,0.28,-24,-3,-171,44.4%,5.6%,0,2
Bitse,,JUNGLE,21,47.6%,3.8,3,2.6,7.1,6.2,359,66.8%,16.5,444,01.04,0.21,0.2,0.14,-43,-2,-39,42.9%,19%,0,4
Blaber,,JUNGLE,47,55.3%,3.5,2.4,2.6,6.8,6.6,352,75.6%,17.3,410,1.54,0.37,0.37,0.25,310,9,379,40.4%,4.3%,0,7
Blueboar,,JUNGLE,14,35.7%,2.5,1.9,4.4,9.4,4.9,311,85.4%,15.9,366,01.05,0.21,0.19,0.18,-503,-16,-662,28.6%,21.4%,0,-
Bo,,JUNGLE,18,22.2%,1.7,2.8,4.8,5.3,6.1,337,71.2%,17.8,384,1.33,0.33,0.35,0.3,88,7,255,38.9%,22.2%,0,1
Boby,,JUNGLE,1,100%,20,5,1,15,5.3,388,80%,15,469,1.38,0.51,0.18,0.44,-108,-16,-721,0%,100%,0,-
Boukada,,JUNGLE,78,53.8%,3.9,1.9,2.5,7.9,5.4,321,71.4%,15,389,1.33,0.32,0.29,0.22,-158,-5,-109,34.6%,10.3%,0,4
Brucs,,JUNGLE,14,21.4%,1.8,2.6,4.1,4.9,5.6,324,57.7%,13.6,296,01.08,0.13,0.29,0.13,-267,-6,-113,28.6%,7.1%,0,2
Bugi,,JUNGLE,24,37.5%,3.7,3.3,3,7.8,6.1,353,76.5%,19.4,490,1.62,0.48,0.36,0.25,-70,-10,-370,45.8%,4.2%,0,6
Cadde59A,,JUNGLE,13,38.5%,3.3,2.9,3.3,7.8,6.1,361,70.6%,15,355,1.19,0.3,0.28,0.27,-136,0,-1,15.4%,15.4%,0,2
Cadence,,JUNGLE,2,0%,1,2.5,5.5,3,5.3,341,78.9%,22,398,0.9,0.29,0.15,0.17,-1520,-22,-1457,0%,0%,0,-
Calisto,,JUNGLE,9,22.2%,2.6,0.9,3.3,7.8,5.1,301,76.2%,12.9,265,1.28,0.23,0.33,0.19,-203,-7,-92,22.2%,11.1%,0,-
Canyon,,JUNGLE,121,81%,5.8,2.3,1.9,9,6.2,359,72.4%,15,401,1.68,0.5,0.38,0.34,112,4,208,23.1%,6.6%,0,5
Carim,,JUNGLE,49,40.8%,3.3,2.1,2.5,6.1,5.9,333,69.1%,16.5,388,1.6,0.4,0.38,0.26,-258,-4,-248,26.5%,4.1%,0,1
Cariok,,JUNGLE,72,65.3%,4,1.9,2.9,9.9,5.7,333,75.2%,14,359,1.53,0.41,0.36,0.31,87,-1,10,55.6%,6.9%,0,7
Carnage,,JUNGLE,35,40%,3.2,2.3,3.2,7.7,5.4,329,76.3%,14.8,351,1.24,0.25,0.32,0.24,-97,-2,-126,28.6%,8.6%,0,3
Cassin,,JUNGLE,20,35%,2.9,1.8,2.7,6.2,5.7,322,71.9%,11.1,242,1.29,0.39,0.28,0.32,159,9,359,25%,10%,0,-
Cboi,,JUNGLE,60,53.3%,3.4,1.9,3.2,9,5.8,336,72.3%,13.3,345,1.65,0.51,0.37,0.26,-11,1,77,31.7%,16.7%,0,5
Chad,,JUNGLE,47,44.7%,2.4,2.5,3.8,6.7,6.1,347,65%,15.1,368,1.2,0.21,0.35,0.19,-152,-2,-109,29.8%,6.4%,0,4
ChinX,,JUNGLE,1,0%,1.7,2,7,10,5.4,334,66.7%,11.5,390,0.85,0.27,0.04,0.31,-1432,-21,-1046,100%,0%,0,-
Choi,,JUNGLE,2,0%,0.3,0,6,1.5,6.7,307,58.3%,30.5,620,0.83,0.34,0.07,0.05,-1420,-2,-694,0%,50%,0,-
Chrislai,,JUNGLE,17,11.8%,1.6,1,3.9,5.2,4.9,293,54.3%,9.8,213,01.05,0.26,0.24,0.26,-508,-11,-488,23.5%,11.8%,0,-
Citrus,,JUNGLE,65,55.4%,3.3,2.4,3.4,9.1,5.9,349,70.9%,14.7,380,1.6,0.47,0.33,0.32,-108,4,43,36.9%,4.6%,0,9
Closer,,JUNGLE,21,47.6%,2.7,1.3,3.1,7,5,301,73.3%,13,288,1.41,0.33,0.39,0.26,-233,-9,-311,23.8%,19%,0,-
Colamax,,JUNGLE,14,7.1%,1.8,2,3.6,4.6,5.3,312,81.1%,16.8,342,1.14,0.37,0.22,0.26,-643,-17,-614,7.1%,7.1%,0,2
Contractz,,JUNGLE,44,36.4%,3,2.5,3.1,6.8,6.1,333,76.3%,16.9,413,1.35,0.32,0.32,0.25,-79,-3,-130,31.8%,6.8%,0,6
Courage,,JUNGLE,104,47.1%,3.5,2.5,2.8,7.3,5.9,343,75.1%,14.7,372,1.41,0.38,0.33,0.29,-30,1,52,34.6%,1.9%,0,6
Croc,,JUNGLE,69,55.1%,2.7,2.3,3.9,8.1,5.5,330,72.1%,13.2,338,1.52,0.4,0.35,0.29,-111,-2,-84,20.3%,15.9%,0,3
Croco,,JUNGLE,89,51.7%,3.6,2.7,2.8,7.2,6.5,358,72.2%,18.4,467,1.53,0.41,0.34,0.25,41,-,-,-,-,-,-
Croniik,,JUNGLE,62,62.9%,4.9,3.1,3,11.3,5.8,358,69.7%,15.5,466,1.21,0.22,0.29,0.14,128,7,194,25.8%,9.7%,0,5
Crush3,,JUNGLE,4,25%,2.5,2.8,5.5,10.8,5.7,346,75.5%,15.8,457,-,-,-,-,-,-,-,-,-,-,-
Cuzz,,JUNGLE,90,43.3%,2.9,1.9,2.8,6.3,6.5,341,73.9%,16.5,394,1.84,0.43,0.49,0.3,-25,3,77,24.4%,7.8%,0,4
D4SH,,JUNGLE,52,67.3%,4.6,2.7,2.4,8.3,6,356,75.3%,14.1,352,1.34,0.36,0.29,0.29,144,3,62,36.5%,7.7%,0,1
D4nKa,,JUNGLE,36,41.7%,2.7,2.1,3.8,8,5.5,327,70.6%,16.9,385,01.11,0.26,0.25,0.16,-338,-10,-510,44.4%,11.1%,0,3
DDoiV,,JUNGLE,96,41.7%,3.6,1.7,2.4,7,5.3,316,72.5%,13.8,313,1.7,0.49,0.43,0.42,-103,-2,-126,35.4%,10.4%,0,1
Daglas,,JUNGLE,90,57.8%,4.1,2.5,3,9.9,5.8,348,75.2%,16.1,423,1.44,0.37,0.3,0.27,48,0,36,31.1%,14.4%,0,8
DahVys,,JUNGLE,20,35%,3,3.7,3.3,6.1,6.2,353,70.5%,18.4,415,1.48,0.4,0.27,0.31,234,7,130,30%,5%,0,2
Daiky,,JUNGLE,2,100%,4.6,7,2.5,4.5,6.5,434,71.8%,17.1,482,1.83,0.72,0.27,0.3,807,10,570,0%,0%,0,-
Deletus,,JUNGLE,17,47.1%,3.1,2.9,3.9,9.1,5.8,354,71.3%,16.6,458,0.97,0.19,0.17,0.16,-62,0,-76,29.4%,17.6%,0,-
Densi,,JUNGLE,36,36.1%,3.4,2.4,3.1,8.2,5.4,331,74.9%,15.8,380,1.3,0.36,0.31,0.27,-138,-11,-327,50%,5.6%,0,3
Derakhil,,JUNGLE,66,69.7%,3.5,3.7,3.5,8.7,6.4,378,66.7%,16.7,442,1.17,0.29,0.24,0.21,16,4,78,25.8%,12.1%,0,10
Diamondprox,,JUNGLE,5,0%,1.1,2,6.2,5,5.5,315,65.8%,20.6,486,1.21,0.34,0.24,0.24,-340,-7,-494,0%,20%,0,-
Dimitry,,JUNGLE,15,6.7%,1.6,2.5,4.7,5.3,5.5,324,73.3%,17.7,415,1.1,0.27,0.26,0.17,-408,-16,-529,40%,0%,0,1
Disamis,,JUNGLE,71,63.4%,4.3,2.5,2.7,9.1,6,353,71.3%,15.6,416,1.49,0.29,0.4,0.23,42,5,100,29.6%,7%,0,3
Dixie,,JUNGLE,7,0%,1.5,1.6,3.7,3.9,5.8,310,73.8%,12,238,1.25,0.24,0.3,0.35,-293,-1,-121,28.6%,14.3%,0,1
Dizin,,JUNGLE,28,3.6%,1.4,1.4,3.4,3.5,5.5,306,69.3%,14.3,280,1.36,0.31,0.4,0.26,-299,-4,-242,17.9%,7.1%,0,3
Djoko,,JUNGLE,53,56.6%,4.7,2.9,2.8,10.1,6,353,72.5%,19.4,522,1.28,0.28,0.27,0.22,266,3,344,45.3%,0%,1,6
Dome1,,JUNGLE,13,7.7%,1.9,2.5,3.4,4,6.7,354,66.8%,17.9,400,0.95,0.14,0.25,0.14,-140,4,62,15.4%,0%,0,5
Dopaminw,,JUNGLE,14,28.6%,2.3,2.6,4.6,7.7,5.8,343,75.5%,17.2,455,1.44,0.24,0.36,0.22,-69,-6,-114,35.7%,0%,0,1
DoubleAiM,,JUNGLE,53,56.6%,3.4,3.8,3.4,7.7,6.9,380,72.2%,17.7,475,1.36,0.29,0.29,0.23,228,13,392,45.3%,11.3%,0,5
Drag0,,JUNGLE,4,25%,1.2,2.3,4.3,3,5.5,315,68.3%,13,257,0.98,0.16,0.29,0.23,-572,-12,-479,0%,0%,0,-
Drakehero,,JUNGLE,34,29.4%,2.4,1.5,3.2,6.2,5.9,323,75.9%,14.7,291,1.52,0.39,0.45,0.22,-38,5,89,35.3%,14.7%,0,3
Draktharr,,JUNGLE,62,35.5%,2.8,2.8,3.6,7.1,6.3,352,69.5%,17.4,431,1.52,0.42,0.38,0.32,197,4,204,24.2%,12.9%,0,10
EL,,JUNGLE,40,17.5%,2.1,1.8,3.3,5,6,331,69.2%,17.9,393,1.48,0.45,0.34,0.31,-140,-1,-88,22.5%,17.5%,0,6
EMPxD,,JUNGLE,14,42.9%,3.4,3,2.8,6.5,6.8,360,72.6%,19.1,452,1.22,0.25,0.28,0.2,-118,2,78,14.3%,7.1%,0,3
Eagle,,JUNGLE,14,14.3%,1.5,2.3,4.9,5,5.1,304,76.7%,16.5,313,1.2,0.25,0.29,0.2,-406,-8,-384,35.7%,7.1%,0,4
Eckas,,JUNGLE,36,44.4%,5.1,1.4,2.2,10,5.3,317,78.2%,12.4,298,1.45,0.36,0.33,0.28,-171,-6,-130,33.3%,5.6%,0,-
Efot,,JUNGLE,5,0%,1.4,3.2,4.8,3.6,6.5,348,60.7%,23.1,452,01.09,0.2,0.19,0.14,-81,5,158,20%,0%,0,1
Egelynn,,JUNGLE,15,26.7%,2.2,2.4,3.5,5.4,5.5,320,63.1%,14.5,299,0.92,0.19,0.22,0.17,-709,-17,-683,26.7%,20%,0,-
Ellim,,JUNGLE,59,33.9%,2.9,2.4,3.4,7.1,6.2,351,75.6%,18.4,428,1.63,0.54,0.34,0.36,26,0,117,30.5%,8.5%,0,2
Elramir,,JUNGLE,82,68.3%,4.7,2.5,3,11.6,5.8,352,77%,14.2,367,1.59,0.39,0.36,0.36,268,4,191,37.8%,8.5%,0,10
Elyoya,,JUNGLE,77,45.5%,3.8,2.4,2.9,8.5,5.7,337,76.1%,14.3,338,1.63,0.42,0.44,0.34,13,-2,-75,37.7%,3.9%,0,4
Evan,,JUNGLE,1,0%,1.8,0,4,7,4.9,276,77.8%,13,175,1.37,0.19,0.41,0.26,-539,-2,-410,0%,0%,0,-
Ever,,JUNGLE,4,25%,1.6,2.8,5,5,4.8,315,50%,18.1,356,0.7,0.3,0.11,0.17,-1268,-9,-486,0%,25%,0,1
Exile1,,JUNGLE,13,30.8%,1.8,1.5,4.5,6.6,5,312,59.8%,13.3,288,1.19,0.26,0.28,0.25,-748,-15,-647,46.2%,7.7%,0,-
F1VTY,,JUNGLE,18,16.7%,2.5,1.7,3.5,6.9,5.5,313,63%,13.5,294,1.34,0.31,0.33,0.21,-180,-9,-430,5.6%,5.6%,0,1
FIuffy,,JUNGLE,22,54.5%,3.6,3.1,3.5,9.2,6.4,363,69.4%,13.5,376,1.48,0.34,0.32,0.3,-54,2,25,27.3%,9.1%,0,-
FaithXD,,JUNGLE,11,18.2%,1.7,2.8,5.3,6.3,5.4,327,71.5%,16.2,406,1.27,0.29,0.3,0.23,-219,-7,-394,18.2%,18.2%,0,1
Fallen,,JUNGLE,48,50%,3.5,1.7,2.8,8.2,5.4,326,72.8%,15.6,380,1.39,0.28,0.35,0.26,-282,-12,-530,45.8%,6.3%,0,6
Ferret,,JUNGLE,48,50%,4,3,2.5,7.1,6.1,353,70.7%,17.4,419,1.77,0.45,0.46,0.3,162,2,-126,54.2%,4.2%,0,5
Flamyy,,JUNGLE,14,21.4%,1.9,2.4,4.1,5.4,5.7,334,66.7%,15,369,0.98,0.15,0.27,0.2,-143,-8,-260,28.6%,14.3%,0,-
Flawed,,JUNGLE,37,48.6%,3,2.2,3.5,8.3,6.3,353,70.2%,15.8,450,1.23,0.27,0.27,0.12,170,14,520,27%,18.9%,0,7
Forest,,JUNGLE,89,71.9%,3.7,2.9,3.4,9.8,6.5,375,72.2%,17.7,503,1.75,0.53,0.42,0.3,276,8,309,38.2%,10.1%,0,7
Frost,,JUNGLE,35,31.4%,3.2,3.3,3.7,8.5,5.7,344,76.1%,16.5,391,1.25,0.23,0.31,0.18,52,-3,-101,31.4%,8.6%,0,5
Fy,,JUNGLE,4,25%,2.1,3.3,4.3,5.5,6.2,345,82.4%,16,304,-,-,-,-,-,-,-,-,-,-,-
GIDEON,,JUNGLE,40,25%,2.6,1.4,2.9,6.2,5.6,309,73.3%,13,272,1.58,0.39,0.44,0.33,-13,2,72,27.5%,10%,0,4
Ganks,,JUNGLE,55,36.4%,2.9,2.6,3.3,7.1,5.7,335,75.4%,16.9,407,1.46,0.37,0.31,0.27,-107,-2,-56,29.1%,5.5%,0,8
GaraXy,,JUNGLE,17,17.6%,2.7,2.3,3.4,6.7,5.4,323,77.5%,15.9,397,1.31,0.29,0.29,0.21,-27,-7,-153,35.3%,5.9%,0,2
Geju,,JUNGLE,12,16.7%,2.2,2.3,3.7,5.7,6.4,350,69.9%,19.6,485,1.64,0.48,0.42,0.2,-102,-,-,-,-,-,-
Gemini,,JUNGLE,97,60.8%,4,2.3,2.6,8,5.5,333,73%,15.7,422,1.64,0.51,0.38,0.34,-22,-8,-131,48.5%,10.3%,0,11
Gjerg,,JUNGLE,2,0%,0.9,1,6,4.5,6.5,338,50%,16.2,346,0.96,0.16,0.27,0.21,12,4,-178,50%,0%,0,-
Godtone,,JUNGLE,6,0%,0.9,0.7,5.3,4,4.8,284,58.9%,13.3,336,01.03,0.4,0.22,0.15,-584,-27,-1013,16.7%,16.7%,0,-
Goodo,,JUNGLE,24,16.7%,2.3,3.2,4.1,6.2,5.8,345,71.5%,17.1,407,1.15,0.29,0.28,0.24,-48,2,-168,37.5%,8.3%,0,3
Goot,,JUNGLE,36,47.2%,3.7,2.2,2.9,8.6,5.5,329,73.2%,14.6,346,1.66,0.46,0.41,0.37,-63,1,-176,33.3%,11.1%,0,3
Grell,,JUNGLE,78,48.7%,2.3,2.9,4.4,7.5,6.3,358,71.9%,18.8,468,1.35,0.29,0.32,0.22,-86,1,54,33.3%,11.5%,0,14
Gremy,,JUNGLE,14,0%,1.2,1.6,3.6,2.6,5.6,317,79.1%,15.7,275,01.09,0.31,0.26,0.21,-551,-20,-1158,42.9%,0%,0,1
Grizzly,,JUNGLE,106,52.8%,3.7,2.2,2.5,7,6.6,351,72.9%,15.1,358,1.47,0.38,0.38,0.33,158,4,133,42.5%,4.7%,0,13
Guertas,,JUNGLE,25,56%,4,2.6,3.2,10.1,5.7,345,76.5%,11.9,321,1.3,0.23,0.29,0.22,-243,-10,-259,52%,12%,0,1
Gury,,JUNGLE,70,65.7%,3.8,2.4,2.9,8.7,6.6,363,66.2%,16.6,475,1.85,0.55,0.47,0.31,-134,6,81,20%,11.4%,0,6
Guwon,,JUNGLE,106,45.3%,3,1.9,2.9,6.6,5.5,325,70.1%,14,318,1.55,0.33,0.42,0.25,-164,-7,-256,40.6%,8.5%,0,5
H4cker,,JUNGLE,77,31.2%,2.9,2,2.9,6.4,6.5,343,76.8%,17.9,397,1.6,0.41,0.44,0.23,220,-,-,-,-,-,-
HRK,,JUNGLE,55,30.9%,2.4,1.8,3.8,7.1,5.1,313,68.7%,12.7,308,1.67,0.55,0.41,0.5,-338,-10,-410,27.3%,12.7%,0,5
Hades2,,JUNGLE,6,16.7%,1.3,0.8,4.5,5,5,293,68.5%,11.3,242,0.94,0.17,0.26,0.15,-837,-18,-901,33.3%,0%,0,-
Hadess,,JUNGLE,68,75%,4.4,3.4,2.8,9.1,6.1,369,68.4%,15.4,430,1.46,0.27,0.37,0.24,99,6,71,35.3%,8.8%,0,9
HamBak,,JUNGLE,118,70.3%,4.6,3.1,2.6,9,6,360,70.3%,14.5,411,1.51,0.38,0.37,0.3,355,4,312,46.6%,6.8%,0,13
Hatred,,JUNGLE,14,42.9%,4.3,2.9,2.9,9.2,5.2,330,76.5%,11.4,274,1.24,0.32,0.26,0.27,-113,-13,-281,35.7%,0%,0,-
Heng,,JUNGLE,64,50%,2.6,2,3,6,5.6,328,71.7%,12.5,300,1.64,0.45,0.43,0.31,-488,-,-,-,-,-,-
Hiro02,,JUNGLE,7,42.9%,2.3,1.4,3.9,7.3,6.2,335,61.1%,12.6,329,1.88,0.38,0.59,0.34,284,11,414,28.6%,14.3%,0,1
Hiro1,,JUNGLE,1,0%,4.5,9,4,9,7,416,78.3%,28.3,849,01.02,0.23,0.33,0.2,665,24,672,100%,0%,0,1
HotPot,,JUNGLE,6,33.3%,2.8,1.8,3.7,8.5,5.2,319,78.7%,17.9,519,1.37,0.31,0.41,0.33,-362,3,42,0%,16.7%,0,-
HuSha,,JUNGLE,38,52.6%,4,3.3,2.7,7.5,6.3,362,78.8%,15.2,390,1.45,0.34,0.38,0.33,234,6,266,50%,7.9%,0,5
Hugato,,JUNGLE,49,49%,4.2,2.7,2.5,7.7,6.1,349,70%,14.1,327,1.82,0.41,0.53,0.31,198,6,153,30.6%,8.2%,0,3
Hummelu,,JUNGLE,14,7.1%,1.6,1.4,5.6,7.3,4.7,300,79.2%,13.6,289,1.11,0.26,0.27,0.19,-714,-18,-728,42.9%,0%,0,-
Hybradge,,JUNGLE,14,28.6%,3.1,1.9,3.1,7.8,5.9,334,64.5%,13.2,322,0.99,0.26,0.15,0.17,-159,-2,-178,50%,0%,0,2
Hyo,,JUNGLE,4,0%,1.6,2.5,5.8,6.5,5.4,323,67.3%,13.8,311,1.46,0.56,0.34,0.38,-634,-16,-770,0%,0%,0,1
Icaruss,,JUNGLE,22,50%,3.4,2.4,3.3,8.7,5.2,326,73%,11.2,263,1.34,0.29,0.31,0.26,-25,0,-39,36.4%,4.5%,0,1
Ikigai,,JUNGLE,25,40%,3.2,2.5,3,7.2,6,344,72.5%,13.1,289,1.74,0.44,0.5,0.36,98,-3,-46,44%,8%,0,2
Ilgar,,JUNGLE,14,42.9%,2.7,2.8,3.9,7.8,6.5,360,65.2%,16.4,445,1.49,0.33,0.35,0.2,75,9,405,28.6%,21.4%,0,-
Indecision,,JUNGLE,21,33.3%,2.4,2.3,3.5,6.1,5.3,319,68.7%,15.4,350,1.26,0.31,0.3,0.21,-274,-14,-518,38.1%,14.3%,0,-
Indr4,,JUNGLE,13,38.5%,3.1,3.5,3,5.8,6.7,363,63%,17.1,358,1.13,0.16,0.3,0.13,521,6,341,30.8%,15.4%,0,1
Infinity,,JUNGLE,17,47.1%,2.8,2.5,3.3,6.8,6.2,343,59.5%,12.6,325,1.18,0.27,0.24,0.2,-8,1,-16,35.3%,5.9%,0,1
Inspired,,JUNGLE,74,60.8%,4.9,2.5,2.2,8.5,6.7,358,74%,15.5,389,1.34,0.34,0.29,0.18,93,9,319,31.1%,4.1%,0,3
Invictis,,JUNGLE,16,43.8%,3.6,3.1,2.5,6,6.2,350,63.6%,16,359,1.33,0.33,0.31,0.27,-68,0,-75,18.8%,6.3%,0,3
Isma,,JUNGLE,52,48.1%,3.9,1.9,2.6,8.3,5.5,324,74.2%,13.1,299,1.36,0.35,0.33,0.28,-59,-3,-139,40.4%,13.5%,0,2
Iwandy,,JUNGLE,1,0%,1.5,1,2,2,6.4,315,60%,20.7,490,1.75,0.91,0.33,0.28,-776,-,-,-,-,-,-
Izo,,JUNGLE,2,100%,3.6,1,2.5,8,4.9,326,56.2%,10.7,255,1.38,0.28,0.26,0.24,-1192,-30,-648,0%,0%,0,-
Jankos,,JUNGLE,45,40%,3.7,2,2.6,7.6,5.6,327,78.9%,14.2,299,1.66,0.44,0.41,0.26,-172,-3,-73,33.3%,6.7%,0,1
Jcom,,JUNGLE,2,100%,7.2,4,2.5,14,6.6,403,64.3%,23.4,734,1.61,0.41,0.3,0.21,-60,10,610,100%,0%,0,1
Jejky,,JUNGLE,36,44.4%,2.5,2.5,4.1,7.7,5.9,344,70.1%,16.9,437,1.48,0.37,0.33,0.33,-213,1,-123,33.3%,13.9%,0,-
Jenxas,,JUNGLE,16,12.5%,1.1,1.3,5.4,4.6,5.6,310,65.6%,16.2,349,1.13,0.24,0.23,0.22,-766,-8,-522,31.3%,0%,0,-
JiT,,JUNGLE,46,54.3%,3,2.7,3.4,7.5,5.8,356,61.3%,15.2,416,1.37,0.35,0.25,0.21,-12,0,80,34.8%,10.9%,0,9
Jiejie,,JUNGLE,47,31.9%,3.1,2.2,2.7,6.1,6.7,353,76.9%,20.7,468,1.84,0.42,0.55,0.22,-104,-,-,-,-,-,-
Josedeodo,,JUNGLE,74,66.2%,6.5,2.9,1.9,9.6,5.9,358,70.8%,15.1,402,1.69,0.38,0.44,0.29,106,2,-17,20.3%,0%,1,6
Juhan,,JUNGLE,43,51.2%,3,2.5,3.4,7.6,5.8,340,72.2%,15.6,380,1.82,0.53,0.47,0.36,40,0,-28,46.5%,9.3%,0,4
Julbu,,JUNGLE,24,54.2%,3.9,2.4,3.3,10.2,5.4,335,73%,14.9,412,1.22,0.32,0.28,0.27,-65,-5,-213,45.8%,0%,0,3
JunJia,,JUNGLE,89,73%,4.9,3.2,2.3,8.2,6.7,378,70.3%,16.8,456,1.68,0.39,0.42,0.29,500,11,486,31.5%,6.7%,0,12
KARIMKT,,JUNGLE,49,63.3%,4.2,3,3.3,10.8,5.4,350,65.4%,13.1,373,1.34,0.41,0.22,0.34,89,1,22,36.7%,2%,0,5
Kadir,,JUNGLE,13,30.8%,3.2,2.9,2.8,6.2,6.1,355,75%,17.9,425,1.37,0.3,0.3,0.23,-2,-3,-81,38.5%,7.7%,0,2
KalenBoss,,JUNGLE,27,33.3%,2.3,3,4,6.4,6.3,351,73%,18.8,430,1.2,0.22,0.29,0.18,143,0,41,33.3%,0%,1,4
Kanavi,,JUNGLE,102,61.8%,4.2,3.3,2.6,7.6,6.9,378,75%,19.4,479,1.78,0.47,0.47,0.19,217,-,-,-,-,-,-
Kania,,JUNGLE,45,46.7%,3,2.2,3.1,7.1,5.4,325,69.6%,11.1,264,1.59,0.51,0.35,0.44,-15,2,70,24.4%,8.9%,0,2
Karsa,,JUNGLE,71,60.6%,4.1,2.1,2.4,7.8,6.4,352,70.9%,15.3,409,1.6,0.44,0.37,0.33,14,4,116,36.6%,15.5%,0,1
Kazmma,,JUNGLE,22,22.7%,2,2.3,4.4,6.5,5.5,317,73.3%,12.4,273,1.3,0.37,0.32,0.3,-452,-5,-265,22.7%,0%,0,2
Kazuto,,JUNGLE,12,33.3%,2.4,2.1,3.3,5.8,5.8,327,73.5%,18.8,463,1.45,0.42,0.36,0.27,-799,-18,-1041,16.7%,8.3%,0,-
Keel,,JUNGLE,62,41.9%,4.2,2.8,2.8,9.1,6.1,350,75%,15.8,427,1.29,0.32,0.27,0.19,91,3,170,32.3%,14.5%,0,10
Kenvi,,JUNGLE,63,57.1%,3.1,3.2,3.8,8.6,6.4,366,73.4%,17.3,456,1.54,0.36,0.41,0.21,48,-2,-56,38.1%,7.9%,0,15
Ketim,,JUNGLE,14,28.6%,2.7,1.9,3.1,6.5,5,315,69.9%,13.7,342,1.27,0.42,0.25,0.29,-387,-13,-521,50%,7.1%,0,1
Kevy,,JUNGLE,35,60%,3.5,4.3,3.3,7.5,6.6,388,69.6%,19,535,1.22,0.28,0.27,0.19,117,1,40,42.9%,11.4%,0,2
Kikis,,JUNGLE,46,60.9%,5.1,3.4,2.2,7.6,7,377,70.9%,17.7,448,1.32,0.24,0.32,0.15,192,7,377,30.4%,8.7%,0,7
Killerqueen,,JUNGLE,6,16.7%,1.4,1.7,4.5,4.8,5.5,307,56.4%,16.2,288,1.54,0.55,0.38,0.38,-146,-5,-254,0%,0%,0,1
KinGi,,JUNGLE,15,66.7%,3.2,2.5,3,7.1,5.5,345,63.2%,14.1,330,1.42,0.39,0.3,0.28,-25,0,23,33.3%,6.7%,0,3
Kingston,,JUNGLE,2,0%,1.1,2,6,4.5,5.2,319,59.8%,10.4,169,01.09,0.33,0.28,0.26,-1154,-8,-388,0%,50%,0,-
Kira,,JUNGLE,4,25%,1.6,3.8,3.5,2,8,405,48.7%,13.9,447,01.01,0.13,0.28,0.11,201,24,646,0%,0%,0,1
Kireas,,JUNGLE,56,57.1%,4.6,3.4,2.6,8.3,5.7,350,70.3%,17.4,421,1.44,0.39,0.33,0.31,-82,-6,-131,32.1%,10.7%,0,12
Kisno,,JUNGLE,21,28.6%,1.8,2.5,4.3,5.4,5.4,332,69.4%,14.5,349,1.15,0.23,0.32,0.19,-108,-5,-265,9.5%,9.5%,0,2
Kituruken,,JUNGLE,45,60%,3.2,3.6,3.8,8.6,6.6,383,69.1%,18.7,560,1.1,0.25,0.21,0.21,216,14,417,24.4%,11.1%,0,5
Knedla,,JUNGLE,2,0%,1.4,1.5,2.5,2,6,318,66.7%,12.2,178,01.08,0.33,0.21,0.31,-1550,-32,-1850,0%,0%,0,-
Ko1eee,,JUNGLE,21,47.6%,3.4,3.3,3.5,8.6,6,360,63.2%,16.2,467,1.13,0.31,0.22,0.23,-621,-10,-476,23.8%,9.5%,0,1
Kokos,,JUNGLE,14,57.1%,3.4,4,3.7,8.8,6.6,377,66.9%,17.2,462,1.4,0.17,0.21,0.16,150,7,289,28.6%,14.3%,0,6
Koldo,,JUNGLE,55,52.7%,3.8,2.3,2.8,8.4,5.5,335,74.3%,15.8,386,1.56,0.47,0.31,0.27,-49,-7,-161,38.2%,10.9%,0,5
Kongyue,,JUNGLE,27,25.9%,3.1,2.4,3,6.9,6.3,349,76.7%,16,393,1.64,0.37,0.4,0.33,-97,5,-50,33.3%,11.1%,0,1
Krastyel,,JUNGLE,2,0%,2.1,1,4,7.5,4.8,284,81.4%,17.7,473,1.64,0.57,0.35,0.43,28,-2,-231,0%,0%,0,-
Krims0n,,JUNGLE,28,35.7%,2.6,2.9,4.1,7.8,5.5,342,72.5%,14.9,335,1.2,0.24,0.29,0.17,-200,-7,-257,46.4%,7.1%,0,4
KryRa,,JUNGLE,7,28.6%,4.7,3.1,3,11,6.1,348,85.8%,25.1,717,1.22,0.19,0.31,0.11,95,3,-245,57.1%,0%,0,-
Krysia,,JUNGLE,27,37%,2.9,3,3.5,7.2,5.8,344,76.1%,18.4,438,1.47,0.44,0.31,0.26,231,0,7,37%,14.8%,0,6
Kurama Cat,,JUNGLE,24,54.2%,3.1,4.5,4,7.9,6.4,383,71.5%,22.1,604,01.09,0.21,0.23,0.22,522,8,506,45.8%,0%,0,12
LaMelo,,JUNGLE,2,50%,3.4,4,3.5,8,5.5,338,78.9%,16.6,352,1.37,0.31,0.26,0.28,270,10,2,50%,0%,0,-
Lauva,,JUNGLE,46,41.3%,3.1,1.8,3.2,8,5.3,321,69%,13.3,327,1.34,0.4,0.29,0.32,-268,-8,-385,32.6%,4.3%,0,3
LeBron,,JUNGLE,58,55.2%,4.1,3.5,2.7,7.5,6.4,369,73.2%,17.6,433,1.43,0.26,0.38,0.24,429,9,356,37.9%,10.3%,0,10
LeeSA,,JUNGLE,14,21.4%,2.5,2.9,3.4,5.4,5.7,333,68.3%,13.1,284,1.27,0.3,0.31,0.22,-514,-8,-617,7.1%,7.1%,0,-
Lesranct,,JUNGLE,12,16.7%,2.5,2.8,3.7,6.5,6.4,357,75.3%,15.8,349,1.15,0.3,0.24,0.21,216,10,230,33.3%,8.3%,0,1
Letter,,JUNGLE,2,50%,3,6,3.5,4.5,6.1,373,69.3%,16.2,463,01.01,0.23,0.2,0.21,-1363,-16,-1292,0%,0%,0,-
Levi,,JUNGLE,86,69.8%,4.3,3.3,3.1,10,6.3,373,73.5%,17,475,1.66,0.45,0.43,0.28,84,1,34,32.6%,9.3%,0,11
Levizin,,JUNGLE,41,41.5%,2.8,1.9,3.4,7.6,4.9,317,73.4%,13.4,333,1.22,0.29,0.28,0.18,-451,-9,-330,24.4%,9.8%,0,4
Leyan,,JUNGLE,54,48.1%,3.4,2.7,2.7,6.3,7.2,371,69.9%,19.8,512,1.38,0.36,0.35,0.17,479,-,-,-,-,-,-
Lotuss,,JUNGLE,79,68.4%,4.5,3.2,2.7,9,6.4,376,75.9%,16.2,460,1.38,0.32,0.29,0.21,179,4,76,43%,8.9%,0,3
Lucid,,JUNGLE,116,53.4%,4.3,2,2.3,7.7,5.7,333,71.7%,12.5,297,1.66,0.5,0.4,0.45,49,-3,-58,45.7%,6%,0,7
Lulas,,JUNGLE,26,23.1%,2.5,1.6,3.5,7.3,5,304,73.6%,13.1,329,1.15,0.25,0.24,0.15,-300,-9,-377,34.6%,3.8%,0,1
Lurox,,JUNGLE,69,62.3%,4.9,2.8,2.2,8.1,6.5,361,68.9%,15,378,1.58,0.43,0.34,0.25,120,5,190,37.7%,1.4%,0,5
Luuukz,,JUNGLE,6,50%,2.2,2.2,4,6.7,5.1,310,58.3%,12,328,1.51,0.41,0.36,0.36,-328,-12,-366,16.7%,16.7%,0,-
Lykki,,JUNGLE,10,20%,1.9,2.6,5.2,7.2,5.7,333,79.7%,15.1,326,0.97,0.22,0.21,0.19,-354,-18,-759,20%,0%,0,-
Lyncas,,JUNGLE,50,54%,3.8,2.1,2.6,8,5.6,335,73.6%,13,297,1.41,0.37,0.29,0.27,63,2,149,34%,4%,0,3
MAZI,,JUNGLE,14,7.1%,1.6,1.5,3.9,4.6,5.4,302,61%,13.9,275,01.05,0.21,0.31,0.14,-562,-10,-384,14.3%,14.3%,0,1
Mafro,,JUNGLE,39,41%,2.5,2.2,4.3,8.6,5.4,330,72.2%,17.2,450,0.92,0.19,0.2,0.15,-186,-1,-101,17.9%,5.1%,0,4
Maggie,,JUNGLE,11,54.5%,2.7,3.2,3.5,6.3,5.6,338,70.9%,17.2,420,-,-,-,-,-,-,-,-,-,-,-
Malrang,,JUNGLE,29,41.4%,3.7,1.8,2.3,6.8,5.3,310,75.3%,11.6,264,1.54,0.43,0.37,0.31,-272,-8,-308,31%,10.3%,0,1
Manaty,,JUNGLE,29,75.9%,6.4,4.3,2.6,11.9,6.6,394,77.2%,19.9,626,01.04,0.32,0.28,0.19,576,13,570,37.9%,10.3%,0,6
Markoon,,JUNGLE,29,24.1%,2.9,1.7,2.6,5.7,5.6,319,75%,14.2,295,1.41,0.31,0.4,0.25,-128,-5,-288,31%,13.8%,0,1
Mart,,JUNGLE,25,56%,3.2,2.8,3.2,7.8,5.5,336,70.3%,13.1,325,1.34,0.33,0.31,0.24,84,0,8,44%,12%,0,4
Mataz,,JUNGLE,45,33.3%,2.5,2.4,3.8,7.1,5.3,326,75%,15.2,332,1.37,0.34,0.33,0.3,-273,-9,-370,24.4%,15.6%,0,2
Maxi,,JUNGLE,60,61.7%,4.9,2.6,2.4,9.2,5.8,347,79.6%,17.8,439,1.22,0.26,0.3,0.23,-4,2,89,35%,8.3%,0,8
Meifan,,JUNGLE,7,14.3%,2.5,3.7,5.1,9,5.8,349,72.2%,19.4,521,1.25,0.29,0.3,0.23,185,-3,-51,71.4%,14.3%,0,1
Meliodas,,JUNGLE,30,26.7%,3.2,2.4,2.8,6.5,6.4,352,73.2%,20.2,508,1.44,0.43,0.31,0.33,-73,-5,-151,30%,3.3%,0,1
MetaCaptive,,JUNGLE,10,0%,1.7,2.3,4.9,6,5,307,67.9%,12,290,1.28,0.31,0.25,0.25,-779,-23,-804,0%,20%,0,1
Meteor,,JUNGLE,86,41.9%,3.7,2.6,2.6,7.1,6.9,363,77.8%,19.7,475,1.75,0.41,0.47,0.19,121,-,-,-,-,-,-
Metroflox,,JUNGLE,32,28.1%,2.4,2.3,3.8,6.9,5.6,327,73.1%,17.2,380,1.3,0.34,0.3,0.27,-315,-8,-265,31.3%,9.4%,0,4
Mewkyo,,JUNGLE,13,38.5%,2.5,2.4,3.8,7.4,6.1,347,74.4%,19.4,397,1.25,0.27,0.29,0.22,-225,2,85,38.5%,23.1%,0,-
Minec,,JUNGLE,3,0%,0.9,1.7,6,3.7,5.7,327,56%,24.9,494,0.72,0.11,0.13,0.07,-814,-25,-1029,33.3%,0%,0,-
Mir,,JUNGLE,14,21.4%,2.2,1.6,3.5,6.2,5.8,316,78.6%,13.8,256,1.55,0.43,0.39,0.35,-43,2,17,50%,14.3%,0,1
Mojito,,JUNGLE,26,34.6%,2.6,2.8,4.3,8.3,5.8,348,71%,16.7,410,01.03,0.28,0.34,0.25,203,4,274,38.5%,0%,0,1
Monki,,JUNGLE,25,36%,2.1,2.4,4.2,6.5,6.1,346,73.3%,17.7,426,-,-,-,-,-,-,-,-,-,-,-
Moyan,,JUNGLE,5,40%,3.2,3.2,3.6,8.4,5.2,337,77.2%,11.3,275,-,-,-,-,-,-,-,-,-,-,-
Mr Jackson,,JUNGLE,5,0%,2.4,3.4,4,6.2,6.4,365,65%,22.2,639,01.04,0.26,0.23,0.19,-166,1,150,0%,40%,0,-
Music,,JUNGLE,39,48.7%,3.5,2.8,3.3,8.6,6.1,358,72.1%,17.1,434,1.3,0.28,0.3,0.18,242,3,21,30.8%,7.7%,0,4
N3znamy,,JUNGLE,14,21.4%,2.3,3.1,4.4,7.2,6.6,364,73%,21.1,530,1.21,0.27,0.27,0.18,116,0,40,28.6%,7.1%,0,3
Naau,,JUNGLE,40,42.5%,3,2.9,3,6.3,5.7,335,76%,16.2,381,1.19,0.23,0.3,0.22,-253,-3,-138,27.5%,7.5%,0,1
Namgung,,JUNGLE,1,0%,0,0,4,0,8,311,0%,17.3,433,0.36,0.31,0,0,-990,-2,-1175,0%,0%,0,-
Narttaker,,JUNGLE,1,0%,1,2,3,1,6.2,339,30%,7.8,178,0.84,0.04,0.24,0.04,-783,-14,-336,0%,0%,0,-
Nasser,,JUNGLE,31,48.4%,3.8,3.1,3.1,8.7,5.3,337,71.4%,13.7,338,1.15,0.19,0.28,0.18,54,-7,-139,51.6%,12.9%,0,4
Nasut,,JUNGLE,21,38.1%,1.9,3.2,5.4,7.2,6.1,361,70.9%,22.3,595,0.75,0.11,0.21,0.06,-262,4,-26,38.1%,14.3%,0,7
NattyNatt,,JUNGLE,30,50%,2.5,3.4,3.7,5.9,7.1,384,62.2%,19.3,473,1.21,0.24,0.29,0.12,356,15,522,46.7%,3.3%,0,11
Nero,,JUNGLE,13,30.8%,3,2.9,3.1,6.2,6.1,343,74.7%,18.8,424,1.5,0.45,0.32,0.23,-105,-3,-280,38.5%,0%,0,2
Nicolo,,JUNGLE,4,25%,1.6,1.5,5.8,7.5,5,292,57.9%,14.3,352,0.99,0.21,0.24,0.21,-519,-12,-760,0%,50%,0,-
Nighthawk,,JUNGLE,14,35.7%,2,2.6,4.8,7.1,6.3,357,76.2%,20.3,462,1.15,0.2,0.33,0.11,-35,2,168,50%,21.4%,0,2
Noodle,,JUNGLE,65,61.5%,5,2.8,2.8,11.1,5.1,341,77.1%,15.4,418,01.08,0.3,0.18,0.17,-81,-11,-218,35.4%,12.3%,0,4
Nxi,,JUNGLE,17,29.4%,2.5,2.3,3.2,5.6,6.1,335,77.5%,17.2,392,1.17,0.32,0.29,0.19,-299,-5,-196,23.5%,11.8%,0,3
Nyx,,JUNGLE,28,39.3%,3.2,2.3,3.4,8.6,5.7,330,75.9%,13.3,352,1.32,0.29,0.29,0.22,45,2,86,39.3%,14.3%,0,3
Oddie,,JUNGLE,70,71.4%,4.6,3.2,2.6,9,5.9,355,72.5%,15.4,450,1.36,0.38,0.27,0.26,127,0,116,42.9%,8.6%,0,6
Oleg,,JUNGLE,6,66.7%,4.1,3.3,3,8.8,6.5,357,59.4%,15.7,448,1.26,0.31,0.31,0.3,234,10,231,66.7%,0%,0,1
OmulFinn,,JUNGLE,6,16.7%,1.3,2.5,4.7,3.3,6.4,339,48.6%,24.3,480,01.01,0.28,0.18,0.12,-974,-12,-721,16.7%,33.3%,0,3
OnFleek,,JUNGLE,57,52.6%,3.9,3.5,3.1,8.9,6.5,374,74%,17.4,465,1.65,0.37,0.42,0.3,280,7,252,42.1%,5.3%,0,11
Oner,,JUNGLE,157,62.4%,3.9,2.6,2.4,6.9,6.4,359,68.7%,15.3,375,1.67,0.41,0.43,0.28,91,7,199,31.2%,11.5%,0,15
Osman123,,JUNGLE,43,60.5%,3.6,2.1,3.1,9.3,5.1,325,70.7%,11,279,1.36,0.44,0.25,0.38,-288,-5,-171,39.5%,4.7%,0,1
Own3r,,JUNGLE,48,77.1%,4.6,5.2,2.9,8.3,6.9,418,69.4%,20.4,558,1.39,0.34,0.28,0.26,714,15,652,47.9%,6.3%,0,17
Pabu,,JUNGLE,36,33.3%,3.1,3.1,3.2,6.7,6.3,351,75.2%,16.8,413,1.56,0.43,0.37,0.34,124,5,235,27.8%,16.7%,0,-
Pallet,,JUNGLE,40,42.5%,2.7,3.6,4.1,7.3,6.4,366,72%,19.6,510,1.41,0.3,0.36,0.27,39,3,72,35%,10%,0,6
Paresz,,JUNGLE,30,33.3%,2.5,3.1,3.6,5.8,6.6,363,67.5%,21.7,534,1.27,0.31,0.28,0.18,162,12,266,30%,10%,0,6
Pasu,,JUNGLE,18,11.1%,2.2,2.2,4.2,7.2,5.1,318,76.5%,14.2,339,01.09,0.26,0.26,0.21,-481,-25,-1000,38.9%,5.6%,0,3
Peach,,JUNGLE,54,37%,3.1,1.7,2.9,7.5,5.8,332,82.1%,14.6,326,1.66,0.38,0.44,0.25,54,0,-28,31.5%,16.7%,0,5
Peanut,,JUNGLE,112,69.6%,5.3,2.2,2,8.5,6.1,349,74.6%,13.3,326,1.76,0.42,0.46,0.28,132,0,78,42.9%,9.8%,0,8
Perry,,JUNGLE,32,46.9%,2.2,2,4.3,7.5,5.4,324,69.1%,13.4,321,1.28,0.28,0.31,0.21,-332,-8,-325,31.3%,12.5%,0,2
Phuc1,,JUNGLE,29,37.9%,3.3,3.4,3.4,7.7,6.3,369,76%,19.5,547,1.36,0.36,0.32,0.36,188,2,20,37.9%,3.4%,0,2
Pipibaat,,JUNGLE,57,57.9%,4.1,2.3,2.8,9.1,5.7,343,70.5%,13.5,362,1.29,0.29,0.32,0.21,-29,-4,-90,28.1%,14%,0,2
Porcupine,,JUNGLE,27,22.2%,2.5,2.9,3.6,6.1,6.1,349,65.9%,15.3,388,01.07,0.23,0.26,0.18,-146,-2,-185,29.6%,11.1%,0,4
Praevius,,JUNGLE,1,0%,0.6,1,5,2,5.6,293,60%,19.5,385,0.71,0.08,0.29,0,-320,-2,111,100%,0%,0,-
Pridestalkr,,JUNGLE,17,23.5%,2.9,2.6,3.6,7.9,6.1,344,70.7%,17.3,409,1.29,0.3,0.3,0.23,43,11,312,47.1%,0%,0,2
Pshybyl,,JUNGLE,50,52%,3.4,2.8,2.8,6.8,5.7,339,69.7%,14.9,353,1.2,0.25,0.3,0.2,-186,-5,-260,30%,6%,0,4
Psilakhs,,JUNGLE,4,0%,1.3,0.8,3.5,3.8,5.2,301,68.8%,14.1,367,0.87,0.21,0.2,0.14,-316,-3,-87,0%,0%,0,-
Pyosik,,JUNGLE,105,52.4%,4.2,2.3,2.3,7.4,5.8,337,72.6%,13.4,322,1.69,0.5,0.4,0.37,-61,-3,-136,40%,6.7%,1,5
QQMore,,JUNGLE,5,0%,1.4,2.8,5,4.4,6,338,68.9%,26.5,503,1.42,0.36,0.36,0.33,-192,-18,-791,20%,40%,0,-
Qiang,,JUNGLE,28,82.1%,3.7,3.3,3.1,8.3,5.9,364,68.5%,14,353,1.77,0.54,0.38,0.42,-37,0,30,39.3%,0%,0,7
Qiutian,,JUNGLE,3,33.3%,2.8,1.7,2.7,5.7,5.7,337,76%,16.9,295,-,-,-,-,-,-,-,-,-,-,-
Quest,,JUNGLE,6,33.3%,2.4,4.2,4.8,7.5,6.7,381,65.2%,26.3,739,0.91,0.28,0.15,0.11,232,11,292,0%,16.7%,0,1
RYue,,JUNGLE,2,0%,1.8,2,4,5,5,305,79.2%,13.8,335,1.21,0.34,0.26,0.33,-240,-4,-77,0%,0%,0,-
Rabbit,,JUNGLE,8,12.5%,2.1,2.1,4.6,7.6,6,339,67.9%,20.4,475,1.19,0.27,0.24,0.21,-136,-1,31,50%,0%,0,2
Rabble,,JUNGLE,74,58.1%,4.4,3,2.7,8.8,6.4,358,71.2%,17.7,456,1.23,0.22,0.32,0.15,273,10,380,35.1%,10.8%,0,13
Raluxu,,JUNGLE,14,28.6%,2.4,2.9,4.3,7.4,5.8,341,71.5%,17.5,432,1.18,0.24,0.26,0.2,-583,-6,-488,21.4%,7.1%,0,6
Rames,,JUNGLE,59,61%,4.1,3.1,3.1,9.6,6,361,70.4%,16.4,445,1.15,0.28,0.23,0.2,118,5,210,32.2%,8.5%,0,4
Raptor,,JUNGLE,95,41.1%,2.9,2.4,3.1,6.8,5.8,337,71.6%,16.2,407,1.53,0.36,0.4,0.31,-51,0,-32,29.5%,9.5%,0,7
Razork,,JUNGLE,101,54.5%,3.8,2.7,3,8.6,6.1,352,70.1%,16.3,425,1.56,0.33,0.42,0.22,92,7,276,27.7%,5.9%,0,10
RealR,,JUNGLE,8,50%,2.4,0.8,3.6,8.1,4.8,302,68.6%,13.6,325,0.97,0.16,0.23,0.16,-949,-32,-1008,12.5%,0%,0,1
RenYe,,JUNGLE,22,9.1%,2.3,2.1,3.1,5,5.4,316,78.3%,13.1,267,1.17,0.25,0.29,0.18,-213,-6,-253,40.9%,4.5%,0,1
Renewal,,JUNGLE,14,28.6%,2.4,2,3.4,6,5.6,319,71%,12.4,259,1.26,0.33,0.3,0.27,239,10,241,28.6%,0%,0,2
Reshiram1,,JUNGLE,1,0%,0.5,0,6,3,4.9,274,75%,12.9,304,0.6,0.08,0.16,0.04,-1124,-11,-843,0%,0%,0,-
Reufury,,JUNGLE,10,0%,1.3,3.7,5.6,3.5,5.4,344,69.6%,20.5,486,1.16,0.25,0.24,0.17,-522,-18,-943,30%,10%,0,3
Revengg,,JUNGLE,16,25%,1.6,2.3,4.7,5.3,5.6,324,65.4%,10.9,249,1.35,0.34,0.3,0.25,-39,-3,12,31.3%,12.5%,0,4
Rhilech,,JUNGLE,81,63%,3.8,2.4,2.9,8.8,6.2,354,71.8%,16.4,423,1.47,0.35,0.34,0.27,161,5,242,37%,12.3%,0,11
River,,JUNGLE,60,50%,2.8,2.5,3.5,7.3,6.1,351,72.9%,17.4,451,1.56,0.45,0.35,0.28,80,1,36,26.7%,20%,0,4
RoseThorn,,JUNGLE,29,48.3%,2.9,2.1,3.7,8.4,5.9,337,72.9%,13.3,335,1.36,0.26,0.34,0.2,-199,3,-46,31%,13.8%,0,-
Roshan,,JUNGLE,22,50%,3.9,2.4,2.9,9,6,347,73.5%,14.7,344,1.52,0.31,0.39,0.29,19,-1,-1,31.8%,18.2%,0,2
Ruo,,JUNGLE,3,0%,0.9,1.7,5,2.7,5.1,310,73%,18.5,260,-,-,-,-,-,-,-,-,-,-,-
Ryujin,,JUNGLE,14,21.4%,2,1.7,4.4,7.4,5.1,318,77.1%,13.1,286,1.11,0.22,0.22,0.2,-601,-17,-686,28.6%,14.3%,0,-
Ryuzaki,,JUNGLE,36,27.8%,2.6,1.6,3.3,6.8,5.4,311,77.1%,12.3,292,1.28,0.35,0.28,0.3,-69,-6,-291,38.9%,13.9%,0,3
Samkz,,JUNGLE,3,66.7%,5.5,3,2,8,6.3,353,75.7%,14.6,335,1.56,0.4,0.36,0.49,-390,-4,-581,33.3%,0%,0,-
Santa,,JUNGLE,28,3.6%,1.8,1.5,3.6,5.1,5.5,313,76.3%,16.7,303,0.93,0.14,0.26,0.14,-570,-10,-542,28.6%,3.6%,0,-
Sapphire,,JUNGLE,13,23.1%,1.8,1.9,5.2,7.6,4.9,299,67.8%,13.2,359,1.21,0.27,0.27,0.22,-432,-11,-468,38.5%,15.4%,0,1
Savero,,JUNGLE,34,38.2%,2.8,3.3,3.6,6.9,5.6,337,70.7%,15.5,407,1.11,0.2,0.29,0.16,-42,-3,-146,29.4%,8.8%,0,8
Sawyor,,JUNGLE,43,51.2%,3.4,2.5,3.2,8.6,5.5,339,70.1%,12.5,307,1.19,0.28,0.27,0.24,-32,-2,-105,27.9%,9.3%,0,4
Scofield,,JUNGLE,22,31.8%,2,2.2,4,5.9,5.3,321,68.4%,16.3,349,1.13,0.3,0.21,0.29,-281,-10,-370,22.7%,18.2%,0,1
Seize,,JUNGLE,44,29.5%,3.1,2.2,3,7.3,5.4,318,76%,15.5,329,1.53,0.42,0.37,0.31,130,-3,-69,45.5%,4.5%,0,1
Seki,,JUNGLE,11,36.4%,2.7,2.2,4.5,9.7,4.6,301,72.6%,15.2,391,0.94,0.25,0.17,0.2,-708,-14,-701,36.4%,18.2%,0,-
Selfflag,,JUNGLE,5,0%,0.9,2,4.8,2.4,5.2,306,73.1%,15.3,272,01.01,0.25,0.24,0.28,-1008,-18,-869,20%,40%,0,2
Selfmade,,JUNGLE,48,56.3%,3.5,2.8,3.3,8.8,6,353,74.1%,15.4,392,1.34,0.33,0.3,0.24,352,5,184,45.8%,4.2%,0,1
Sensy,,JUNGLE,26,57.7%,5.3,4.4,2.6,9.6,5.6,366,73.8%,18.3,487,1.33,0.35,0.27,0.3,200,-2,-126,34.6%,3.8%,0,4
Sentio,,JUNGLE,2,0%,1.9,3.5,5.5,7,5.2,326,89.5%,13.4,332,01.11,0.17,0.34,0.09,334,8,566,0%,100%,0,-
Seriousblak,,JUNGLE,11,27.3%,1.7,2.9,5,5.5,5.4,327,66.8%,21.9,491,1.19,0.27,0.26,0.22,-334,-6,-394,54.5%,0%,0,-
Shanks2,,JUNGLE,1,100%,3.7,1,3,10,7.1,375,78.6%,16,281,1.47,0.14,0.44,0.1,428,11,496,100%,0%,0,-
Sharvel,,JUNGLE,121,65.3%,5,2.7,2.2,8.3,5.9,346,73.2%,14,357,1.5,0.36,0.37,0.27,48,-1,-1,30.6%,5%,0,10
ShazQ,,JUNGLE,52,57.7%,4.1,2.4,2.4,7.6,5.9,335,71%,15.1,382,1.3,0.32,0.27,0.24,85,1,113,34.6%,5.8%,0,4
Sheiden,,JUNGLE,71,69%,4.4,3.9,3,9.2,6.4,375,70.3%,15.2,417,1.31,0.34,0.28,0.26,135,-2,56,40.8%,11.3%,0,10
Sheo,,JUNGLE,81,56.8%,4.6,2.3,2.2,7.7,6.1,353,71.9%,16.6,380,1.47,0.35,0.35,0.19,65,1,6,42%,11.1%,0,8
Shernfire,,JUNGLE,63,73%,3.7,4.1,3.5,8.9,7,404,66.6%,21.5,666,1.44,0.37,0.3,0.25,635,19,758,28.6%,9.5%,0,13
Shift,,JUNGLE,14,21.4%,1.5,3.1,5.6,5.1,5.2,327,71.8%,15.8,334,0.97,0.22,0.2,0.22,-414,-9,-358,14.3%,35.7%,0,3
Shini,,JUNGLE,27,40.7%,2.2,1.5,3.5,6.3,6.1,325,74.8%,16.1,365,1.46,0.28,0.43,0.22,-14,0,-8,33.3%,14.8%,0,2
Shlatan,,JUNGLE,74,55.4%,3.3,3.6,3.6,8.3,6,362,70.1%,16.4,449,1.33,0.42,0.23,0.29,338,3,206,50%,9.5%,0,11
Shrimp,,JUNGLE,24,54.2%,3.2,3.2,3.8,8.9,6.9,376,73.8%,18.2,478,1.65,0.43,0.43,0.18,390,12,676,37.5%,12.5%,0,-
SiddyWiddy,,JUNGLE,6,33.3%,3.1,3.3,4.3,10,5.2,331,72.9%,17.7,498,1.46,0.53,0.25,0.42,-271,-2,-190,33.3%,0%,0,1
Skeanz,,JUNGLE,73,58.9%,4.2,3.2,2.8,8.6,6,356,71.6%,16.1,411,1.29,0.31,0.26,0.27,220,2,59,23.3%,5.5%,0,7
SkewMond,,JUNGLE,89,77.5%,6.5,3.4,2.1,10.5,6,370,73.7%,16.3,486,1.47,0.33,0.3,0.27,236,7,265,44.9%,7.9%,0,11
Skude,,JUNGLE,40,50%,3,2,3.6,8.8,5.6,336,70.7%,13.3,359,1.22,0.31,0.24,0.2,-71,-5,-44,32.5%,20%,0,5
SkyBart,,JUNGLE,2,50%,5.2,3,2.5,10,5.8,358,94.7%,19.6,422,1.55,0.52,0.29,0.24,283,4,193,0%,0%,0,1
Slice,,JUNGLE,13,15.4%,1.7,2.6,4.5,4.8,5.9,332,84.3%,16.9,358,1.48,0.44,0.32,0.24,-114,1,-76,30.8%,38.5%,0,-
Sn1lle,,JUNGLE,43,60.5%,4.3,2.4,3,10.6,5.5,345,75.2%,16.1,449,1.5,0.34,0.33,0.24,-132,-3,-100,34.9%,9.3%,0,1
SoCool,,JUNGLE,5,40%,2.3,1.6,4.8,9.6,4.4,295,82.2%,10.4,240,1.32,0.34,0.35,0.27,-461,-12,-373,20%,0%,0,-
Solded,,JUNGLE,2,0%,0.7,0,5.5,4,4.7,268,48.5%,9.6,176,0.77,0.25,0.08,0.22,-1066,-30,-1259,0%,50%,0,-
SolidSnake,,JUNGLE,28,17.9%,1.8,1.1,3.1,4.5,5.2,297,63.7%,9.5,194,1.38,0.38,0.37,0.34,-52,1,-157,21.4%,10.7%,0,3
Sorn,,JUNGLE,28,39.3%,2.7,2,4,8.8,5.8,338,75.5%,15,373,1.73,0.57,0.42,0.45,-108,1,26,35.7%,10.7%,0,1
Sounda,,JUNGLE,83,51.8%,2.6,1.9,3,6.1,5.6,325,64.4%,12.5,292,1.82,0.48,0.49,0.38,-69,-6,-180,37.3%,9.6%,0,2
Soweto,,JUNGLE,18,33.3%,2.2,2.1,4.4,7.7,5.4,326,75.2%,13.3,294,1.41,0.37,0.35,0.31,95,1,16,27.8%,5.6%,0,5
Speedy,,JUNGLE,12,66.7%,6.2,3.2,2,9.3,5.9,351,76.7%,18.3,454,1.69,0.49,0.36,0.26,-83,0,10,41.7%,8.3%,0,2
Spica,,JUNGLE,30,43.3%,3.6,1.6,2.6,7.6,6.5,343,76.9%,17.1,416,1.58,0.39,0.41,0.23,-126,2,38,13.3%,3.3%,0,2
Sponge,,JUNGLE,83,25.3%,1.9,1.5,3.4,4.8,5.8,314,73%,14.5,308,1.5,0.4,0.39,0.32,-81,-1,-133,34.9%,9.6%,0,4
Spooky,,JUNGLE,67,74.6%,4.8,3,2.4,8.5,6.2,368,72.3%,17.1,431,1.6,0.39,0.39,0.21,382,7,344,28.4%,13.4%,0,12
Spot,,JUNGLE,20,0%,1.3,2.1,5.5,5,5.5,318,66%,14.7,286,1.38,0.37,0.34,0.29,-20,-2,-102,45%,15%,0,2
Ssaiko,,JUNGLE,2,0%,1,1,4,3,4.2,274,62.5%,11.5,261,1.3,0.29,0.3,0.22,-1054,-24,-1070,0%,0%,0,-
Stalken,,JUNGLE,25,56%,5,4.3,2.5,8,6.8,382,77.4%,23.1,638,1.12,0.19,0.27,0.15,537,12,495,28%,0%,0,4
Stanpelly,,JUNGLE,22,50%,3.5,2.6,3,8,5.6,340,63.8%,12.3,296,1.4,0.35,0.29,0.26,78,2,170,40.9%,4.5%,0,3
Steal,,JUNGLE,81,69.1%,4,3.1,3,8.9,5.6,353,72.6%,16.2,441,1.7,0.52,0.4,0.39,-115,-8,-278,35.8%,11.1%,0,2
Stefan,,JUNGLE,50,56%,4.9,2.9,2.3,8.2,6.3,359,70.1%,18,461,1.42,0.28,0.36,0.17,120,3,139,32%,10%,1,3
Stergios,,JUNGLE,1,0%,1,0,4,4,4.5,257,36.4%,7.9,157,1.46,0.58,0.23,0.26,-1207,4,23,0%,0%,0,-
StineR,,JUNGLE,53,47.2%,3.1,1.9,3.3,8.2,5.7,329,73.1%,15.4,394,1.56,0.38,0.36,0.32,-39,-1,-1,37.7%,3.8%,0,9
Sting,,JUNGLE,36,47.2%,2.9,2.5,3.2,7,6.2,346,71.3%,19.4,443,1.54,0.34,0.44,0.25,-25,4,144,30.6%,22.2%,0,3
Stomaged,,JUNGLE,5,20%,1.5,0.2,4.8,6.8,4.6,276,75.6%,11.3,206,1.18,0.26,0.32,0.23,-877,-13,-507,40%,0%,0,-
Stormax,,JUNGLE,61,62.3%,5.3,3,2.3,9,5.6,356,69.4%,17.3,444,1.31,0.3,0.28,0.24,152,-4,-84,39.3%,13.1%,0,13
Sultan1,,JUNGLE,2,0%,1.4,5,5.5,2.5,6.4,405,67.5%,27.7,636,0.75,0.08,0.15,0.06,234,-16,-530,0%,0%,0,3
Summit,,JUNGLE,1,0%,0.8,0,4,3,6.4,302,75%,32.9,781,0.94,0.2,0.27,0.16,-877,-7,-1156,0%,0%,0,-
Swip3rR,,JUNGLE,30,53.3%,2.8,1.4,4,10.1,4.9,315,69.1%,10.6,260,1.16,0.25,0.24,0.25,-645,-12,-497,40%,16.7%,0,1
Syjin,,JUNGLE,1,0%,0.9,1,7,5,4.5,290,85.7%,17.2,322,0.85,0.34,0.17,0.26,-1494,-57,-2172,0%,0%,0,-
Sylvie,,JUNGLE,84,32.1%,2.4,1.6,2.9,5.5,5.7,318,72%,14.1,317,1.63,0.45,0.4,0.39,-170,-6,-176,33.3%,6%,0,6
Tak2,,JUNGLE,2,0%,0.7,1,6,3,5.8,302,20%,18,413,01.01,0.12,0.29,0.07,-654,-12,-748,0%,100%,0,-
Tarzan,,JUNGLE,65,49.2%,3.8,2.2,2.5,7.4,6.4,351,71.5%,20.6,517,1.69,0.53,0.36,0.3,30,-,-,-,-,-,-
Tatu,,JUNGLE,72,73.6%,5.5,2.9,2.4,10.4,6,360,74.7%,16,430,1.5,0.36,0.36,0.32,157,4,242,38.9%,12.5%,0,13
Techoteco,,JUNGLE,51,62.7%,3.9,4.5,3.2,8,7.1,405,71.6%,19.4,518,0.95,0.18,0.21,0.11,490,17,714,27.5%,11.8%,0,8
Thallnoss,,JUNGLE,5,0%,1.3,2.6,4.8,3.8,5.4,326,69%,13.3,299,1.16,0.26,0.24,0.19,-233,-13,-274,40%,0%,0,-
ThayT,,JUNGLE,39,59%,4,1.7,2.5,8.5,5.4,321,70.5%,13.2,301,1.65,0.48,0.41,0.36,-195,-3,-139,38.5%,17.9%,0,4
Thayger,,JUNGLE,83,53%,3.3,2.4,3.5,9.4,6.2,351,67.7%,15.6,411,1.5,0.29,0.4,0.24,-76,1,43,38.6%,6%,0,6
TheDiff,,JUNGLE,5,0%,1.3,2.8,5,3.8,5.6,334,74.1%,19.4,348,0.9,0.13,0.23,0.13,-909,-14,-997,0%,20%,0,3
Theocacs,,JUNGLE,36,58.3%,3.6,2.3,3.4,9.8,5.6,346,76.6%,15.2,417,1.32,0.35,0.25,0.26,-374,-13,-381,33.3%,8.3%,0,3
Tian,,JUNGLE,131,69.5%,4.9,2.8,2.2,7.9,6.5,369,69.9%,14.7,395,1.81,0.54,0.46,0.26,99,-24,-789,1.5%,0.8%,0,1
Tianzhen,,JUNGLE,38,60.5%,2.6,1.9,3.7,7.9,5.8,332,70%,12.6,302,1.69,0.54,0.36,0.38,-219,-,-,-,-,-,-
Time,,JUNGLE,42,76.2%,5.4,4.3,2.5,9.1,7.2,403,75.5%,22,623,1.28,0.25,0.26,0.23,403,14,675,31%,19%,0,8
Tomio,,JUNGLE,6,0%,1.1,0.3,2.7,2.7,6.1,301,72.2%,19.6,359,1.43,0.26,0.41,0.19,-286,-6,-422,0%,33.3%,0,-
Tomrio,,JUNGLE,10,60%,5.4,3.1,2.3,9.3,6,362,70.9%,15.6,440,1.76,0.54,0.4,0.33,33,5,235,10%,10%,0,2
Toye,,JUNGLE,87,27.6%,2.1,1.8,3.6,5.7,5.6,321,65.4%,13.2,330,1.62,0.38,0.43,0.3,-273,-2,-300,28.7%,8%,0,5
Tsubasa Jr,,JUNGLE,9,44.4%,2.4,2.4,4,7.3,5.5,327,71.1%,15.3,351,01.07,0.15,0.32,0.1,-537,-9,-432,44.4%,11.1%,0,2
Tumay,,JUNGLE,12,0%,1,1.3,4.7,3.6,4.9,285,66.8%,15.2,279,1.19,0.39,0.25,0.29,-664,-8,-271,33.3%,8.3%,0,1
TynX,,JUNGLE,36,27.8%,2.5,2.4,3.7,6.7,6,336,73.7%,17,401,1.44,0.28,0.37,0.22,-86,3,23,22.2%,8.3%,0,3
Typhoon,,JUNGLE,36,41.7%,3,3,3.2,6.6,6,343,66.1%,15.7,378,1.45,0.3,0.35,0.22,59,-1,-104,19.4%,8.3%,0,6
Uciu,,JUNGLE,3,0%,1.7,3,3.3,2.7,4.9,312,74.3%,14.7,298,1.3,0.35,0.23,0.37,-213,-8,-47,33.3%,0%,0,-
UmTi,,JUNGLE,78,62.8%,3.9,2,2.8,8.8,5.7,337,71.1%,14.3,376,1.65,0.43,0.38,0.33,-132,-8,-277,30.8%,7.7%,1,3
Velja,,JUNGLE,6,16.7%,1.6,1,3.8,5.2,6.3,325,66.5%,15.5,315,1.63,0.42,0.46,0.24,-566,10,153,16.7%,16.7%,0,-
Veyytix,,JUNGLE,1,0%,3.5,1,2,6,6.3,330,77.8%,18.1,393,1.1,0.17,0.25,0.21,-1410,-34,-2197,100%,0%,0,-
Viking,,JUNGLE,16,37.5%,2.2,1.3,3.9,7.1,5.1,304,67.1%,12.4,255,1.17,0.31,0.25,0.2,-481,-14,-472,43.8%,6.3%,0,-
Vincenzo,,JUNGLE,4,25%,2.7,0.8,2.8,6.8,5.8,307,68.6%,13,339,02.06,0.68,0.48,0.38,-242,-8,-185,25%,0%,0,-
Vinchi,,JUNGLE,38,44.7%,3.7,3.2,2.7,6.7,5.8,342,66.4%,14.6,342,1.15,0.34,0.2,0.22,-205,-7,-104,18.4%,15.8%,0,3
Vinicete,,JUNGLE,12,58.3%,2.6,0.6,4.3,10.6,4.4,294,76.6%,10.8,238,1.25,0.31,0.29,0.3,-423,-11,-394,25%,25%,0,-
Wei,,JUNGLE,80,47.5%,3.2,2.2,2.8,6.9,5.7,337,70.8%,16.5,397,1.71,0.56,0.37,0.31,-103,-,-,-,-,-,-
WeiWei,,JUNGLE,97,54.6%,4,2,2.4,7.4,6.2,345,70.5%,15.7,372,1.74,0.46,0.43,0.3,-130,-,-,-,-,-,-
White,,JUNGLE,62,45.2%,3.3,1.8,3.2,8.8,5.1,313,72%,12.3,299,1.41,0.36,0.32,0.32,-92,-2,-99,45.2%,14.5%,0,2
Whynot,,JUNGLE,25,72%,3.5,3.8,3.3,7.8,5.8,367,68.1%,16.5,440,1.45,0.37,0.27,0.25,206,1,25,28%,12%,0,6
Will,,JUNGLE,22,18.2%,2.2,3.4,3.7,5,5.7,340,68.1%,16.9,378,1.18,0.35,0.2,0.26,-55,-8,-183,27.3%,4.5%,0,4
Willer,,JUNGLE,93,45.2%,3.9,2.9,2.3,6.1,6.7,360,70.8%,16.2,389,1.82,0.49,0.47,0.41,227,8,343,30.1%,5.4%,0,11
Wilson,,JUNGLE,2,0%,0.9,1.5,5,3,5.5,301,69%,18,361,1.18,0.34,0.27,0.16,-2066,-52,-2870,50%,0%,0,-
Wiz,,JUNGLE,35,51.4%,3.8,2.8,2.7,7.5,6.1,347,74.9%,15.1,414,1.72,0.46,0.42,0.28,183,1,74,54.3%,2.9%,0,4
Woldjo,,JUNGLE,14,21.4%,1.9,2.9,3.7,4.2,6.2,352,77.3%,19.9,447,0.86,0.18,0.23,0.08,-8,1,144,42.9%,7.1%,0,1
Wonka,,JUNGLE,26,61.5%,4.4,2.6,2.7,9.3,5.7,348,80.1%,16.2,380,1.41,0.34,0.34,0.3,34,-4,-97,50%,0%,0,5
XBY,,JUNGLE,4,0%,0.9,0.8,4.5,3.3,5.1,297,76.7%,15.8,280,1.35,0.49,0.29,0.25,-330,-,-,-,-,-,-
XUN,,JUNGLE,106,71.7%,4.7,3.3,2.4,7.8,6.4,371,67.4%,15.3,408,1.5,0.27,0.43,0.19,201,0,-756,0.9%,0%,0,-
XZZ,,JUNGLE,2,100%,2.2,3,4.5,7,4.5,307,60%,9.3,241,1.34,0.42,0.26,0.34,-1196,-,-,-,-,-,-
Xagog,,JUNGLE,52,57.7%,3,3.7,4.1,8.6,5.8,372,68.4%,18.7,520,01.04,0.28,0.32,0.23,144,0,-45,21.2%,15.4%,0,10
Xeonerr,,JUNGLE,38,52.6%,3.7,3,3.2,8.6,5.8,353,72.8%,17.9,513,1.31,0.27,0.34,0.24,276,4,98,47.4%,7.9%,0,3
Xerxe,,JUNGLE,76,69.7%,6.3,2.7,2,9.8,6.1,358,75.9%,15.8,416,1.4,0.28,0.3,0.21,219,5,253,39.5%,1.3%,0,4
Xiaohao,,JUNGLE,86,51.2%,4.1,2.9,2.4,7.1,5.9,343,76.8%,14.8,343,1.75,0.45,0.42,0.27,-243,-,-,-,-,-,-
XnS,,JUNGLE,46,45.7%,4.4,3.3,2.5,7.6,6.8,378,72.4%,24.9,601,1.35,0.25,0.35,0.18,256,12,405,37%,10.9%,0,4
Yampi,,JUNGLE,36,30.6%,2.2,1.8,3.6,6.3,5.3,312,69%,15,345,1.41,0.34,0.32,0.27,-121,-2,-84,19.4%,13.9%,0,4
Yanjee,,JUNGLE,31,38.7%,2.7,3.3,3.8,6.8,6.2,358,74.1%,16.2,402,1.32,0.3,0.33,0.16,-239,-1,-224,25.8%,3.2%,0,4
Yanxiang,,JUNGLE,15,33.3%,2.8,1.8,2.9,6.1,6.2,336,79.1%,19.1,448,1.57,0.49,0.35,0.3,-162,-,-,-,-,-,-
Yike,,JUNGLE,107,71%,4.8,2.9,2.5,9.1,6.2,368,73.5%,16.6,442,1.48,0.36,0.32,0.25,80,1,62,27.1%,4.7%,1,11
Yohan1,,JUNGLE,43,48.8%,4.2,4.3,2.8,7.5,6.7,385,76.5%,17.9,428,1.35,0.34,0.31,0.25,254,1,126,51.2%,16.3%,0,9
Youdang,,JUNGLE,2,0%,1.9,2,3.5,4.5,5.6,329,71.2%,13.6,322,-,-,-,-,-,-,-,-,-,-,-
YoungJae,,JUNGLE,35,14.3%,3.2,2,2.4,5.9,6.3,331,75%,19,426,1.81,0.58,0.41,0.38,-288,-7,-306,31.4%,5.7%,0,2
Yukino,,JUNGLE,31,41.9%,3.7,2.6,2.9,8.1,6,340,68.9%,18.7,477,1.2,0.28,0.29,0.24,-40,-4,-231,41.9%,3.2%,0,3
Yusah,,JUNGLE,34,47.1%,3.9,2.6,2.8,8.3,6,341,69%,15.8,400,1.35,0.37,0.31,0.31,-173,-4,-49,35.3%,8.8%,0,2
Yuta,,JUNGLE,8,37.5%,3.3,4.4,3.9,8.5,6.3,377,71.2%,21,522,1.49,0.32,0.38,0.2,321,3,56,50%,12.5%,0,3
Yuuji,,JUNGLE,72,72.2%,5.4,3.3,2.3,9,6.8,381,71.9%,17.6,508,1.35,0.31,0.3,0.22,275,8,360,33.3%,6.9%,0,17
Zanzarah,,JUNGLE,83,66.3%,3.4,2,3.3,9.2,5.1,326,68.7%,12.5,339,1.37,0.38,0.28,0.29,-92,-8,-151,38.6%,10.8%,0,9
Zapdo,,JUNGLE,24,41.7%,2.9,2.9,4,8.7,5.5,339,73%,13.9,362,1.32,0.35,0.24,0.32,95,-2,2,16.7%,20.8%,0,3
Zeiss,,JUNGLE,2,0%,1.3,1.5,4.5,4.5,4.7,305,58.5%,17.1,325,0.94,0.28,0.17,0.11,-706,-20,-589,0%,0%,0,1
Zephyr,,JUNGLE,42,35.7%,2.5,2.1,3.4,6.5,6,337,70.6%,16.4,439,1.58,0.45,0.37,0.34,-178,-2,3,23.8%,9.5%,0,2
Zicssi,,JUNGLE,45,42.2%,2.3,2.5,4,6.6,6,344,68.4%,16,371,1.42,0.31,0.38,0.25,73,2,62,33.3%,11.1%,0,5
Zubac,,JUNGLE,38,47.4%,3.3,2.5,3.3,8.4,5.6,342,72.2%,15.4,381,01.01,0.14,0.26,0.16,21,-6,-36,42.1%,18.4%,0,6
anato,,JUNGLE,5,60%,8.5,3,1.2,7.2,6.1,358,78%,17.6,364,1.6,0.31,0.4,0.27,219,-11,-499,80%,0%,0,1
antik,,JUNGLE,12,25%,3.2,2.9,2.9,6.5,6.2,352,69.8%,19.5,416,1.17,0.26,0.26,0.26,-172,-7,-245,41.7%,0%,0,5
bicas,,JUNGLE,59,57.6%,3.5,2.6,2.9,7.4,6.5,360,59.9%,13.4,318,1.33,0.34,0.27,0.28,49,3,98,20.3%,5.1%,0,7
bluerzor,,JUNGLE,67,62.7%,4,2.3,2.6,8.2,5.8,345,68.2%,14.9,401,1.52,0.37,0.34,0.27,92,3,103,26.9%,11.9%,0,6
chef,,JUNGLE,88,56.8%,3.6,2.6,2.8,7.5,6.2,352,64.6%,16.4,432,1.28,0.29,0.3,0.2,-149,2,30,23.9%,10.2%,0,7
dan,,JUNGLE,67,74.6%,5.9,3.1,2.4,10.9,5.4,360,70%,14.1,400,1.33,0.32,0.29,0.28,14,-7,-217,46.3%,3%,0,9
de sidere,,JUNGLE,51,64.7%,4.3,2.9,3.1,10.3,5.2,350,69.3%,14.6,432,1.27,0.39,0.23,0.2,-120,-2,-40,37.3%,3.9%,0,8
denizzz,,JUNGLE,44,47.7%,3,3.3,3.8,8.1,5.9,352,68%,16,405,1.29,0.25,0.33,0.22,-137,-6,-254,36.4%,9.1%,0,11
dibu,,JUNGLE,32,37.5%,2.6,2.6,4.2,8.3,5.7,345,65.8%,15.9,409,1.34,0.42,0.25,0.24,-204,2,32,21.9%,9.4%,0,1
doom,,JUNGLE,34,44.1%,3.2,1.9,3.8,10.1,4.9,318,76.7%,14.7,389,1.33,0.35,0.3,0.29,-44,-9,-255,38.2%,14.7%,0,1
eXyu,,JUNGLE,75,50.7%,3.7,2.7,2.7,7.4,6.4,353,74.2%,16.3,426,1.47,0.3,0.36,0.23,135,5,235,44%,12%,0,5
eaRyz,,JUNGLE,14,42.9%,2.8,2.2,3.3,6.9,5.6,325,69.9%,15.7,352,1.34,0.36,0.29,0.33,216,8,381,35.7%,14.3%,0,-
enel1,,JUNGLE,19,21.1%,2.1,2.3,3.5,5.1,5.9,327,73.3%,15,312,1.56,0.37,0.44,0.28,-52,0,-91,26.3%,5.3%,0,1
evewin,,JUNGLE,2,100%,6.8,3.5,2,10,7.2,437,55.2%,21.6,704,01.07,0.33,0.09,0.15,1068,13,737,0%,0%,0,-
foreigner,,JUNGLE,42,50%,4.1,3,2.9,8.7,6.6,373,67.7%,17.3,474,1.28,0.29,0.25,0.26,267,6,322,35.7%,11.9%,0,5
froy,,JUNGLE,46,56.5%,4.2,4.3,3.1,8.8,7.2,404,73.1%,20.4,582,1.22,0.34,0.22,0.16,242,9,471,21.7%,4.3%,0,6
glfs,,JUNGLE,40,42.5%,3.5,2.9,2.9,7.3,6.5,358,76.3%,20,489,1.51,0.38,0.37,0.27,-189,-,-,-,-,-,-
interen,,JUNGLE,28,75%,4.7,3.3,2.5,8.6,6.1,371,70.8%,16.2,387,1.3,0.21,0.32,0.19,156,3,226,50%,10.7%,0,6
isac,,JUNGLE,27,29.6%,2.2,2.4,3.4,5.3,5.4,324,59.6%,12.3,251,01.02,0.22,0.16,0.15,-289,-11,-454,40.7%,3.7%,0,2
jokaa,,JUNGLE,60,55%,2.9,3.2,3.8,7.8,6.1,354,69.5%,20.2,530,1.14,0.25,0.25,0.17,49,5,174,28.3%,13.3%,0,11
kylin,,JUNGLE,11,36.4%,2.7,3.2,3.6,6.5,6.8,363,70.3%,15.7,361,1.2,0.29,0.26,0.23,458,15,648,36.4%,0%,0,1
leao1,,JUNGLE,14,42.9%,2.2,1.1,4.7,9.3,5.4,319,72.3%,15.3,398,1.21,0.21,0.28,0.17,-369,0,-114,35.7%,28.6%,0,-
luoyiyu,,JUNGLE,1,0%,1.3,2,7,7,4.3,341,75%,19.8,451,-,-,-,-,-,-,-,-,-,-,-
m0chi,,JUNGLE,10,40%,2.2,2.9,4.3,6.6,5.6,349,55.6%,19,510,1.13,0.39,0.2,0.28,-557,-13,-676,20%,10%,0,1
milkyway,,JUNGLE,85,49.4%,3.8,4,2.7,6.5,6.5,378,75.3%,18.4,459,1.43,0.28,0.41,0.22,-196,-,-,-,-,-,-
naiyou,,JUNGLE,49,32.7%,3,2.3,3,6.8,5.7,331,72.6%,14.2,313,-,-,-,-,-,-,-,-,-,-,-
nicolaiy,,JUNGLE,54,66.7%,4.5,4.6,3.1,9.1,6.7,392,70.5%,16.2,452,1.35,0.25,0.3,0.25,333,11,509,31.5%,9.3%,0,12
noname,,JUNGLE,49,38.8%,3,1.7,3.5,8.8,5.1,317,72.7%,13.1,329,1.28,0.3,0.31,0.27,-334,-10,-445,34.7%,8.2%,0,1
nox1,,JUNGLE,32,31.3%,1.8,2.8,5.4,7.1,5.5,344,63%,16.2,410,1.23,0.31,0.23,0.26,-288,-3,42,31.3%,9.4%,0,7
owlonsky,,JUNGLE,18,33.3%,3.4,2.4,3.3,8.9,5.3,328,77.1%,15.2,402,1.31,0.34,0.29,0.29,-174,-7,-272,27.8%,11.1%,0,2
phyro,,JUNGLE,1,0%,1.4,1,5,6,5.2,289,70%,10.8,268,01.06,0.31,0.34,0.28,-855,-6,73,0%,100%,0,-
randal,,JUNGLE,15,20%,2.2,1.8,4.7,8.4,5.7,322,78.1%,12.1,281,1.45,0.28,0.42,0.27,168,9,211,40%,13.3%,0,-
sarolu,,JUNGLE,41,70.7%,3.9,2.4,2.9,8.7,6.1,349,71.3%,15.3,400,2.16,0.61,0.57,0.37,-134,-4,-153,39%,12.2%,0,5
scary,,JUNGLE,50,64%,4.8,2.5,2.4,9,5.8,347,70.9%,14.8,358,1.66,0.43,0.41,0.31,138,0,113,56%,4%,0,2
tooshi,,JUNGLE,7,14.3%,2,1.9,3.4,4.9,6,329,80.9%,15.3,263,1.16,0.23,0.27,0.2,-115,-1,-2,42.9%,0%,0,-
van,,JUNGLE,22,36.4%,2.7,3.9,3.4,5.5,7,382,75%,23.7,599,1.56,0.44,0.39,0.27,2,6,-57,27.3%,4.5%,0,5
wewo,,JUNGLE,18,44.4%,3.4,3.6,3.3,7.7,5.9,359,67.3%,16.6,397,1.21,0.21,0.29,0.12,9,-2,-149,33.3%,5.6%,0,1
winnie,,JUNGLE,51,39.2%,2.4,2.9,4.8,8.5,6,354,73.6%,17.5,482,1.12,0.21,0.27,0.13,-243,0,51,25.5%,7.8%,0,4
xiaofang,,JUNGLE,58,39.7%,3.2,3.3,2.8,5.6,6.2,355,76.8%,16.2,368,1.6,0.46,0.39,0.29,-149,-,-,-,-,-,-
yones,,JUNGLE,8,0%,1.4,2.1,4.5,4.3,5.3,315,56%,15.5,328,0.93,0.16,0.23,0.14,-438,-9,-444,12.5%,12.5%,0,1